id,title,description,link,price,availability,condition,image_link,brand,identifier_exists
DC-001,Celebration Cake,"Custom celebration cakes in Huntingdon and Cambridgeshire, made to order for birthdays and special occasions. Prices from £55.",https://dreamycake.co.uk/Products/celebration-cake/,£55 GBP,in_stock,new,https://dreamycake.co.uk/assets/img/items/celebration-cake-main-blue-bear-cloud-birthday-cake.webp,Dreamy Cake,no
DC-002,Themed Cake,Custom themed cakes in Huntingdon and Cambridgeshire with bespoke designs for birthdays and events. Prices from £55.,https://dreamycake.co.uk/Products/themed-cake/,£55 GBP,in_stock,new,https://dreamycake.co.uk/assets/img/items/themed-cake-main-rose-bouquet-gift-box-cake.webp,Dreamy Cake,no
DC-003,Mini / Bento Cake,"Mini and bento cakes in Huntingdon, made to order for gifts and small celebrations. From £24.",https://dreamycake.co.uk/Products/mini-bento-cake/,£24 GBP,in_stock,new,https://dreamycake.co.uk/assets/img/items/mini-bento-cake-main-white-black-bow-lambeth-cake.webp,Dreamy Cake,no
DC-004,Cupcakes,"Custom cupcake boxes in Huntingdon and Cambridgeshire for gifts, parties and events. Boxes from £24.",https://dreamycake.co.uk/Products/cupcakes/,£24 GBP,in_stock,new,https://dreamycake.co.uk/assets/img/cakes/drip-cake-hand-piped-details-chatteris-cambridgeshire-011.webp,Dreamy Cake,no
DC-005,Postage Cookies (4-pack),Postal fondant cookie gift boxes available across the UK. Box of 4 from £12.,https://dreamycake.co.uk/Products/postage-cookie/,£12 GBP,in_stock,new,https://dreamycake.co.uk/assets/img/items/postage-cookie-main.webp,Dreamy Cake,no
DC-006,Wedding Cakes,"Wedding cakes in Huntingdon and Cambridgeshire, designed to order for modern weddings. Prices from £150.",https://dreamycake.co.uk/Products/wedding-cake/,£150 GBP,in_stock,new,https://dreamycake.co.uk/assets/img/items/wedding-cake-main-mr-and-mrs-black-bow-tiered-cake.webp,Dreamy Cake,no
DC-007,Cranberry & Orange Easter Cake,Traditional Easter cake made to order with cranberry and orange. Seasonal Easter bake for Brampton collection or local Huntingdon delivery.,https://dreamycake.co.uk/Products/easter-collection/#cranberry-orange-easter-cake,15 GBP,in_stock,new,https://dreamycake.co.uk/assets/img/items/easter-collection-cranberry-orange-paska-slice-02.webp,Dreamy Cake,no
DC-008,Vanilla & Pistachio Easter Cake,Traditional Easter cake made to order with vanilla and pistachio. Seasonal Easter bake for Brampton collection or local Huntingdon delivery.,https://dreamycake.co.uk/Products/easter-collection/#vanilla-pistachio-easter-cake,19 GBP,in_stock,new,https://dreamycake.co.uk/assets/img/items/easter-collection-vanilla-pistachio-paska-slice-03.webp,Dreamy Cake,no
DC-009,Easter Cupcakes,Spring cupcake box made to order for Easter. Seasonal cupcakes for Brampton collection or local Huntingdon delivery.,https://dreamycake.co.uk/Products/easter-collection/#easter-cupcakes,19 GBP,in_stock,new,https://dreamycake.co.uk/assets/img/items/easter-collection-spring-cupcakes-box-of-6-04.webp,Dreamy Cake,no
